{"cameraMode":{"drawMode":0,"name":"Shaded","section":"Shading Mode"},"sceneLighting":false,"audioPlay":false,"sceneViewState":{"showFog":true,"showMaterialUpdate":true,"showSkybox":false,"showFlares":true,"showImageEffects":true,"showParticleSystems":true},"in2DMode":false,"pivot":{"x":0.09428882598876953,"y":-0.13387838006019593,"z":-0.4323139190673828},"rotation":{"x":0.08159644156694412,"y":0.5273655652999878,"z":-0.05089455842971802,"w":0.844269871711731},"size":1.2278294563293458,"orthographic":false}