{"cameraMode":{"drawMode":0,"name":"Shaded","section":"Shading Mode"},"sceneLighting":true,"audioPlay":false,"sceneViewState":{"showFog":true,"showMaterialUpdate":true,"showSkybox":true,"showFlares":true,"showImageEffects":true,"showParticleSystems":true},"in2DMode":false,"pivot":{"x":-3.294405460357666,"y":1.9164464473724366,"z":3.485762596130371},"rotation":{"x":0.10802546888589859,"y":0.039423998445272449,"z":-0.004197166301310062,"w":0.9934459924697876},"size":5.30874490737915,"orthographic":false}