{"cameraMode":{"drawMode":0,"name":"Shaded","section":"Shading Mode"},"sceneLighting":false,"audioPlay":false,"sceneViewState":{"showFog":true,"showMaterialUpdate":true,"showSkybox":false,"showFlares":true,"showImageEffects":true,"showParticleSystems":true},"in2DMode":false,"pivot":{"x":0.3236997127532959,"y":3.2153568267822267,"z":12.075940132141114},"rotation":{"x":0.03929607570171356,"y":0.9547227025032044,"z":-0.14604400098323823,"w":0.2564859092235565},"size":2.9487216472625734,"orthographic":false}